Date,Open,High,Low,Close,Adj Close,Volume,Date2,op,hi,lo,clos,adj,vol1
25/10/2018,6484.649902,6504.649902,6447.029785,6476.290039,6476.290039,3230550000,25/10/2018,0.074289,0.074345,0.073163,0.073859,0.073859,12567300
26/10/2018,6468.439941,6498.290039,6449.609863,6474.75,6474.75,3306050000,26/10/2018,0.073748,0.07396,0.072679,0.073713,0.073713,13464800
27/10/2018,6480.839844,6507.410156,6453.529785,6480.379883,6480.379883,3393250000,27/10/2018,0.073687,0.073791,0.072868,0.072886,0.072886,10316000
28/10/2018,6482.660156,6502.279785,6447.910156,6486.390137,6486.390137,3445190000,28/10/2018,0.07303,0.073296,0.072361,0.073166,0.073166,11226100
29/10/2018,6492.350098,6503.600098,6306.990234,6332.629883,6332.629883,4199910000,29/10/2018,0.073042,0.073215,0.068899,0.069627,0.069627,21315700
30/10/2018,6337.040039,6364.990234,6310.140137,6334.27002,6334.27002,3781100000,30/10/2018,0.069632,0.070024,0.069226,0.069647,0.069647,11418800
31/10/2018,6336.990234,6349.160156,6316.879883,6317.609863,6317.609863,4191240000,31/10/2018,0.069723,0.069829,0.067883,0.069705,0.069705,16366000
1/11/2018,6318.140137,6547.140137,6311.830078,6377.779785,6377.779785,3789400000,1/11/2018,0.069698,0.071464,0.069119,0.070867,0.070867,11256600
2/11/2018,6378.919922,6396.859863,6327.379883,6388.439941,6388.439941,4234870000,2/11/2018,0.070814,0.07304,0.070788,0.072584,0.072584,18823400
3/11/2018,6387.240234,6400.069824,6342.370117,6361.259766,6361.259766,3658640000,3/11/2018,0.072561,0.072621,0.070822,0.071479,0.071479,14948900
4/11/2018,6365.470215,6388.629883,6294.569824,6376.129883,6376.129883,4390020000,4/11/2018,0.071492,0.077307,0.071291,0.076229,0.076229,52924200
5/11/2018,6363.620117,6480.589844,6363.620117,6419.660156,6419.660156,4174800000,5/11/2018,0.075961,0.07888,0.074745,0.076148,0.076148,34358100
6/11/2018,6433.379883,6463.549805,6408.160156,6461.009766,6461.009766,4700040000,6/11/2018,0.076337,0.080952,0.076337,0.080952,0.080952,49473200
7/11/2018,6468.5,6552.160156,6468.310059,6530.140137,6530.140137,4941260000,7/11/2018,0.08102,0.08131,0.078017,0.078544,0.078544,36852900
8/11/2018,6522.27002,6536.919922,6438.529785,6453.720215,6453.720215,4665260000,8/11/2018,0.078391,0.079424,0.076263,0.076493,0.076493,32149600
9/11/2018,6442.600098,6456.459961,6373.370117,6385.620117,6385.620117,4346820000,9/11/2018,0.076324,0.077429,0.073912,0.074226,0.074226,23756800
10/11/2018,6386.129883,6437.279785,6385.310059,6409.220215,6409.220215,3705320000,10/11/2018,0.074167,0.075992,0.074056,0.075221,0.075221,15012100
11/11/2018,6413.629883,6423.25,6350.169922,6411.27002,6411.27002,3939060000,11/11/2018,0.075164,0.077373,0.074438,0.076481,0.076481,23663500
12/11/2018,6411.759766,6434.209961,6360.470215,6371.27002,6371.27002,4295770000,12/11/2018,0.076818,0.077216,0.074948,0.076001,0.076001,20975100
13/11/2018,6373.189941,6395.27002,6342.669922,6359.490234,6359.490234,4503800000,13/11/2018,0.075883,0.075965,0.073252,0.073603,0.073603,20329300
14/11/2018,6351.240234,6371.549805,5544.089844,5738.350098,5738.350098,7398940000,14/11/2018,0.073439,0.073441,0.0618,0.064824,0.064824,54964400
15/11/2018,5736.149902,5774.819824,5358.379883,5648.029785,5648.029785,7032140000,15/11/2018,0.064847,0.065245,0.05825,0.063543,0.063543,60267800
16/11/2018,5645.319824,5657.02002,5498.939941,5575.549805,5575.549805,5279320000,16/11/2018,0.063241,0.064053,0.060242,0.061151,0.061151,27544700
17/11/2018,5578.580078,5578.580078,5519.560059,5554.330078,5554.330078,4303150000,17/11/2018,0.061062,0.061062,0.059554,0.060674,0.060674,17926300
18/11/2018,5559.740234,5653.609863,5559.740234,5623.540039,5623.540039,4159680000,18/11/2018,0.060803,0.062932,0.060803,0.061916,0.061916,16669400
19/11/2018,5620.779785,5620.779785,4842.910156,4871.490234,4871.490234,7039560000,19/11/2018,0.061903,0.061903,0.051989,0.052582,0.052582,53737000
20/11/2018,4863.930176,4951.609863,4272.109863,4451.870117,4451.870117,8428290000,20/11/2018,0.052658,0.052731,0.042868,0.044777,0.044777,65556800
21/11/2018,4465.540039,4675.72998,4343.97998,4602.169922,4602.169922,6120120000,21/11/2018,0.045149,0.04823,0.043027,0.04778,0.04778,33938000
22/11/2018,4611.569824,4629.640137,4365.640137,4365.939941,4365.939941,4569370000,22/11/2018,0.047885,0.048532,0.044255,0.044255,0.044255,18689900
23/11/2018,4360.700195,4396.419922,4195.680176,4347.109863,4347.109863,4871490000,23/11/2018,0.044062,0.044662,0.041671,0.043412,0.043412,24258500
24/11/2018,4347.689941,4413.089844,3795.159912,3880.76001,3880.76001,4679500000,24/11/2018,0.04342,0.044301,0.036933,0.038458,0.038458,25740400
25/11/2018,3880.780029,4120.870117,3585.060059,4009.969971,4009.969971,6825640000,25/11/2018,0.038628,0.038836,0.032798,0.037725,0.037725,40704000
26/11/2018,4015.070068,4107.140137,3643.919922,3779.129883,3779.129883,6476900000,26/11/2018,0.037761,0.039378,0.034117,0.035806,0.035806,31641100
27/11/2018,3765.949951,3862.959961,3661.01001,3820.719971,3820.719971,5998720000,27/11/2018,0.035682,0.036982,0.034029,0.036461,0.036461,17966300
28/11/2018,3822.469971,4385.899902,3822.469971,4257.419922,4257.419922,7280280000,28/11/2018,0.03651,0.044108,0.03651,0.042021,0.042021,47624500
29/11/2018,4269.004395,4413.020508,4145.765137,4278.84668,4278.84668,6503347767,29/11/2018,0.042269,0.044518,0.039716,0.041866,0.041866,39544072
30/11/2018,4289.088867,4322.976563,3942.822021,4017.268555,4017.268555,6048016716,30/11/2018,0.041984,0.042309,0.037721,0.038916,0.038916,28861638
1/12/2018,4024.464355,4309.377441,3969.710693,4214.671875,4214.671875,5375314093,1/12/2018,0.038991,0.042521,0.038157,0.041468,0.041468,19314340
2/12/2018,4200.733398,4301.519531,4110.978516,4139.87793,4139.87793,5262697895,2/12/2018,0.04135,0.043286,0.04069,0.041672,0.041672,23206022
3/12/2018,4147.32373,4155.979492,3840.446289,3894.130859,3894.130859,5089570993,3/12/2018,0.041874,0.041884,0.038027,0.038671,0.038671,21282052
4/12/2018,3886.294922,4075.627686,3832.75,3956.893799,3956.893799,5028069239,4/12/2018,0.038557,0.039842,0.037387,0.037699,0.037699,23563420
5/12/2018,3958.894775,3969.535889,3753.994873,3753.994873,3753.994873,5302481573,5/12/2018,0.037659,0.037714,0.034251,0.034251,0.034251,26250706
6/12/2018,3754.074463,3874.966064,3521.101807,3521.101807,3521.101807,5878333109,6/12/2018,0.034318,0.035501,0.030798,0.030798,0.030798,27195356
7/12/2018,3512.590332,3512.590332,3280.22876,3419.937256,3419.937256,6835615448,7/12/2018,0.030797,0.030797,0.027393,0.029864,0.029864,31750703
8/12/2018,3421.9104,3506.043457,3350.650635,3476.114746,3476.114746,5305024497,8/12/2018,0.029812,0.031807,0.028867,0.030678,0.030678,19987029
9/12/2018,3473.227539,3685.305664,3469.094238,3614.234375,3614.234375,4947372847,9/12/2018,0.030643,0.032515,0.030227,0.031693,0.031693,16588923
10/12/2018,3612.046387,3647.33252,3470.144531,3502.656006,3502.656006,5020968740,10/12/2018,0.031653,0.032068,0.029806,0.030203,0.030203,12553718
11/12/2018,3497.554688,3513.185059,3392.25,3424.588135,3424.588135,4696765187,11/12/2018,0.030117,0.030434,0.028915,0.029551,0.029551,10444630
12/12/2018,3421.458252,3534.228516,3413.481445,3486.950195,3486.950195,4139364828,12/12/2018,0.029439,0.031115,0.029305,0.030609,0.030609,11071814
13/12/2018,3487.879395,3489.739502,3298.13208,3313.677246,3313.677246,4343372456,13/12/2018,0.030635,0.030722,0.029029,0.02919,0.02919,11234574
14/12/2018,3311.751953,3329.555908,3206.542236,3242.484863,3242.484863,4372763663,14/12/2018,0.029235,0.029557,0.027912,0.028358,0.028358,9205270
15/12/2018,3243.997559,3275.37793,3191.303467,3236.761719,3236.761719,3551763561,15/12/2018,0.028395,0.028568,0.027791,0.028274,0.028274,8387951
16/12/2018,3236.274658,3305.753174,3233.819824,3252.839111,3252.839111,3744248994,16/12/2018,0.028203,0.029697,0.028188,0.029103,0.029103,10366600
17/12/2018,3253.123047,3597.917969,3253.123047,3545.864746,3545.864746,5409247918,17/12/2018,0.029175,0.03385,0.029099,0.032824,0.032824,37555983
18/12/2018,3544.761475,3701.349365,3487.169189,3696.059082,3696.059082,5911325472,18/12/2018,0.03282,0.034912,0.032167,0.034735,0.034735,78783798
19/12/2018,3706.824951,3949.322998,3687.22998,3745.950684,3745.950684,6810689118,19/12/2018,0.034863,0.038265,0.034491,0.034545,0.034545,43168563
20/12/2018,3742.195068,4191.228516,3728.974609,4134.441406,4134.441406,8927129279,20/12/2018,0.034212,0.039886,0.034026,0.039401,0.039401,43040801
21/12/2018,4133.703613,4198.429688,3850.946289,3896.543701,3896.543701,7206015706,21/12/2018,0.039079,0.04551,0.038632,0.040796,0.040796,93581789
22/12/2018,3898.08374,4014.182617,3855.739014,4014.182617,4014.182617,5605823232,22/12/2018,0.040658,0.042156,0.038613,0.042009,0.042009,31227245
23/12/2018,4020.994629,4085.723633,3976.405762,3998.980225,3998.980225,6151275489,23/12/2018,0.042203,0.044855,0.041819,0.04423,0.04423,40656189
24/12/2018,4000.331787,4271.79248,4000.331787,4078.599121,4078.599121,7240968501,24/12/2018,0.044286,0.049282,0.044286,0.045716,0.045716,57936797
25/12/2018,4081.030518,4089.561523,3760.020508,3815.490723,3815.490723,6158207293,25/12/2018,0.045675,0.045675,0.039243,0.041511,0.041511,38493643
26/12/2018,3819.666748,3893.359619,3769.86377,3857.297607,3857.297607,5326547918,26/12/2018,0.041603,0.043035,0.039076,0.041198,0.041198,27218408
27/12/2018,3854.688477,3874.416992,3645.448486,3654.833496,3654.833496,5130222366,27/12/2018,0.041225,0.04169,0.036548,0.036944,0.036944,22969394
28/12/2018,3653.131836,3956.135986,3642.63208,3923.918701,3923.918701,5631554348,28/12/2018,0.037017,0.042634,0.036501,0.041862,0.041862,26948332
29/12/2018,3932.491699,3963.758789,3820.408691,3820.408691,3820.408691,4991655917,29/12/2018,0.041873,0.04394,0.04121,0.041508,0.041508,30992034
30/12/2018,3822.384766,3901.908936,3797.219238,3865.952637,3865.952637,4770578574,30/12/2018,0.041597,0.043665,0.040842,0.04328,0.04328,27767173
31/12/2018,3866.839111,3868.74292,3725.867432,3742.700439,3742.700439,4661840806,31/12/2018,0.043232,0.043364,0.040493,0.041063,0.041063,19280456
1/1/2019,3746.713379,3850.913818,3707.231201,3843.52002,3843.52002,4324200990,1/1/2019,0.040984,0.042547,0.040308,0.042547,0.042547,14962901
2/1/2019,3849.216309,3947.981201,3817.409424,3943.409424,3943.409424,5244856835,2/1/2019,0.042568,0.045563,0.041982,0.045258,0.045258,24151526
3/1/2019,3931.048584,3935.685059,3826.2229,3836.741211,3836.741211,4530215218,3/1/2019,0.045106,0.045259,0.042535,0.042682,0.042682,21126963
4/1/2019,3832.040039,3865.93457,3783.85376,3857.717529,3857.717529,4847965467,4/1/2019,0.042629,0.044092,0.042477,0.043812,0.043812,16024029
5/1/2019,3851.973877,3904.903076,3836.900146,3845.19458,3845.19458,5137609823,5/1/2019,0.043659,0.04557,0.04335,0.044701,0.044701,25100964
6/1/2019,3836.519043,4093.297363,3826.513184,4076.632568,4076.632568,5597027439,6/1/2019,0.044709,0.049637,0.044709,0.049261,0.049261,51366407
7/1/2019,4078.584961,4092.613525,4020.894043,4025.248291,4025.248291,5228625637,7/1/2019,0.049266,0.050744,0.047579,0.047996,0.047996,45688430
8/1/2019,4028.472168,4109.020996,3996.955322,4030.8479,4030.8479,5306593305,8/1/2019,0.04814,0.050021,0.046749,0.048525,0.048525,34626382
9/1/2019,4031.552002,4068.403564,4022.662842,4035.296387,4035.296387,5115905224,9/1/2019,0.048567,0.05274,0.048533,0.052169,0.052169,55364234
10/1/2019,4034.411377,4064.06665,3659.174561,3678.924561,3678.924561,6874143795,10/1/2019,0.052049,0.054636,0.042756,0.044529,0.044529,91162431
11/1/2019,3674.015381,3713.881836,3653.069824,3687.365479,3687.365479,5538712864,11/1/2019,0.044322,0.045157,0.042749,0.044147,0.044147,35963010
12/1/2019,3686.973145,3698.978271,3653.810791,3661.301025,3661.301025,4778170882,12/1/2019,0.044154,0.04463,0.043099,0.043704,0.043704,18224445
13/1/2019,3658.868164,3674.76001,3544.927246,3552.953125,3552.953125,4681302465,13/1/2019,0.043812,0.043812,0.039807,0.040241,0.040241,21758341
14/1/2019,3557.311035,3727.836182,3552.285156,3706.052246,3706.052246,5651384489,14/1/2019,0.040249,0.044484,0.040204,0.044059,0.044059,30269130
15/1/2019,3704.216309,3720.15332,3619.949219,3630.675293,3630.675293,5537192301,15/1/2019,0.044157,0.044385,0.042045,0.04281,0.04281,24504026
16/1/2019,3631.509766,3685.7771,3624.67334,3655.006836,3655.006836,5394457144,16/1/2019,0.042768,0.045247,0.042514,0.044777,0.044777,35481506
17/1/2019,3651.871094,3680.135986,3621.960938,3678.563965,3678.563965,5464420383,17/1/2019,0.044868,0.046222,0.044024,0.045318,0.045318,38222964
18/1/2019,3677.990479,3682.52002,3637.080811,3657.839355,3657.839355,5002961726,18/1/2019,0.045308,0.045308,0.043957,0.044316,0.044316,18937099
19/1/2019,3652.37793,3758.533447,3652.37793,3728.568359,3728.568359,5955691379,19/1/2019,0.044275,0.046441,0.043984,0.04575,0.04575,23657401
20/1/2019,3725.446045,3743.387939,3583.019531,3601.013672,3601.013672,5582489559,20/1/2019,0.045674,0.045981,0.042552,0.043477,0.043477,26755021
21/1/2019,3600.372803,3608.84082,3558.537109,3576.032471,3576.032471,5004347059,21/1/2019,0.043541,0.043671,0.042534,0.042937,0.042937,16583935
22/1/2019,3575.081299,3620.746582,3539.721436,3604.577148,3604.577148,5313623556,22/1/2019,0.042889,0.04408,0.041876,0.043578,0.043578,22963399
23/1/2019,3605.557129,3623.067871,3565.313965,3585.123047,3585.123047,5433755648,23/1/2019,0.043548,0.044112,0.042695,0.0429,0.0429,15241102
24/1/2019,3584.500244,3616.087402,3569.092773,3600.865479,3600.865479,5262869046,24/1/2019,0.042937,0.043487,0.042537,0.043027,0.043027,12440167
25/1/2019,3607.390381,3612.927734,3575.597412,3599.765869,3599.765869,5265847538,25/1/2019,0.043097,0.043248,0.042454,0.042691,0.042691,12663795
26/1/2019,3599.715332,3654.933105,3593.345947,3602.460449,3602.460449,5098183234,26/1/2019,0.042687,0.043539,0.042533,0.042649,0.042649,13550563
27/1/2019,3604.687256,3612.671387,3567.24585,3583.96582,3583.96582,5570752966,27/1/2019,0.042666,0.04268,0.040897,0.041168,0.041168,20835106
28/1/2019,3584.283203,3586.750977,3439.23291,3470.450439,3470.450439,6908930483,28/1/2019,0.041137,0.041318,0.037283,0.038772,0.038772,30041137
29/1/2019,3468.870117,3476.06543,3400.819824,3448.116943,3448.116943,5897159492,29/1/2019,0.038713,0.03942,0.037044,0.038251,0.038251,19526239
30/1/2019,3443.896973,3495.174805,3429.387939,3486.181641,3486.181641,5955112626,30/1/2019,0.038177,0.040075,0.037798,0.039656,0.039656,26151501
31/1/2019,3485.40918,3504.804932,3447.915771,3457.792725,3457.792725,5831198270,31/1/2019,0.039699,0.040287,0.037953,0.038374,0.038374,22222102
1/2/2019,3460.547119,3501.954102,3431.591553,3487.945313,3487.945313,5422926707,1/2/2019,0.038441,0.039136,0.037117,0.038678,0.038678,18778624
2/2/2019,3484.625977,3523.287354,3467.574707,3521.060791,3521.060791,5071623600,2/2/2019,0.038598,0.039317,0.038222,0.039317,0.039317,12312316
3/2/2019,3516.139648,3521.388184,3447.924316,3464.013428,3464.013428,5043937583,3/2/2019,0.039259,0.039411,0.037812,0.038029,0.038029,12940762
4/2/2019,3467.21167,3476.223877,3442.586914,3459.154053,3459.154053,5332718886,4/2/2019,0.03813,0.038595,0.037796,0.037857,0.037857,12233073
5/2/2019,3454.950928,3478.148193,3451.937012,3466.357422,3466.357422,5227549544,5/2/2019,0.037824,0.038347,0.037444,0.037896,0.037896,13348305
6/2/2019,3469.091797,3469.091797,3398.56543,3413.767822,3413.767822,5482196037,6/2/2019,0.037993,0.037993,0.03606,0.036663,0.036663,17351383
7/2/2019,3414.929443,3427.945557,3394.218506,3399.47168,3399.47168,5004962682,7/2/2019,0.036651,0.037182,0.036332,0.036396,0.036396,12424740
8/2/2019,3401.376465,3695.614014,3391.023682,3666.780273,3666.780273,7735623101,8/2/2019,0.036399,0.041207,0.036228,0.040751,0.040751,32705206
9/2/2019,3671.585938,3679.941406,3646.559326,3671.203613,3671.203613,6158833644,9/2/2019,0.040775,0.04199,0.040456,0.041058,0.041058,18529364
10/2/2019,3673.201416,3695.036133,3640.97998,3690.188232,3690.188232,6282256902,10/2/2019,0.04105,0.042994,0.040007,0.04283,0.04283,22634046
11/2/2019,3695.613037,3695.613037,3642.287842,3648.430664,3648.430664,6277056433,11/2/2019,0.042772,0.042772,0.041485,0.041733,0.041733,17847243
12/2/2019,3642.751953,3668.586914,3618.556885,3653.528564,3653.528564,6480384531,12/2/2019,0.04168,0.041991,0.040635,0.041751,0.041751,14893311
13/2/2019,3653.604004,3669.746582,3617.246338,3632.070557,3632.070557,6438903822,13/2/2019,0.041755,0.04231,0.041048,0.041118,0.041118,12736279
14/2/2019,3631.170166,3646.256592,3607.697754,3616.880859,3616.880859,6271044417,14/2/2019,0.041136,0.041355,0.040222,0.04054,0.04054,11428289
15/2/2019,3617.368408,3647.795166,3608.206543,3620.810791,3620.810791,6091952230,15/2/2019,0.040536,0.041366,0.040253,0.0406,0.0406,13336096
16/2/2019,3615.270264,3652.841309,3615.270264,3629.787598,3629.787598,5934744051,16/2/2019,0.040619,0.041254,0.040569,0.041026,0.041026,11097835
17/2/2019,3633.359375,3680.537354,3619.182129,3673.836182,3673.836182,7039512502,17/2/2019,0.041027,0.041844,0.040612,0.041452,0.041452,15275650
18/2/2019,3671.369873,3936.665039,3669.982422,3915.714355,3915.714355,9908216640,18/2/2019,0.041468,0.04669,0.04138,0.045605,0.045605,36845045
19/2/2019,3911.661621,4010.879395,3908.153076,3947.094482,3947.094482,9933626654,19/2/2019,0.045682,0.048026,0.045656,0.046158,0.046158,42563542
20/2/2019,3946.685059,4000.486328,3926.246826,3999.820557,3999.820557,8693373948,20/2/2019,0.046177,0.047665,0.045291,0.047551,0.047551,25594088
21/2/2019,4000.256836,4010.009521,3940.108154,3954.118164,3954.118164,7775128102,21/2/2019,0.047584,0.047779,0.04474,0.044969,0.044969,25111686
22/2/2019,3952.406494,4006.53833,3950.816406,4005.526611,4005.526611,7826525254,22/2/2019,0.045041,0.046163,0.044838,0.046163,0.046163,17691041
23/2/2019,3998.91626,4166.286133,3968.726807,4142.526855,4142.526855,8922258315,23/2/2019,0.045982,0.048885,0.045719,0.048593,0.048593,27665132
24/2/2019,4145.458008,4210.641602,3793.708984,3810.42749,3810.42749,10794227451,24/2/2019,0.048727,0.05046,0.042064,0.042456,0.042456,51650807
25/2/2019,3807.002441,3913.707275,3807.002441,3882.696289,3882.696289,9318796066,25/2/2019,0.042168,0.044568,0.042168,0.044043,0.044043,24692109
26/2/2019,3878.697266,3891.578857,3837.986328,3854.35791,3854.35791,7931218996,26/2/2019,0.043965,0.044019,0.042798,0.043304,0.043304,16641229
27/2/2019,3857.479736,3888.80249,3787.058838,3851.047363,3851.047363,8301309684,27/2/2019,0.043329,0.043822,0.042097,0.04327,0.04327,18346578
28/2/2019,3848.261963,3906.05835,3845.821289,3854.7854,3854.7854,8399767798,28/2/2019,0.043245,0.043725,0.042948,0.043123,0.043123,14678619
1/3/2019,3853.75708,3907.79541,3851.692383,3859.58374,3859.58374,7661247975,1/3/2019,0.043112,0.044113,0.043078,0.043279,0.043279,12997143
2/3/2019,3855.318115,3874.607422,3832.12793,3864.415039,3864.415039,7578786075,2/3/2019,0.043217,0.043532,0.04248,0.042838,0.042838,11304262
3/3/2019,3862.266113,3875.483643,3836.905762,3847.175781,3847.175781,7253558152,3/3/2019,0.042853,0.042996,0.042158,0.042312,0.042312,11011516
4/3/2019,3845.091553,3867.381836,3733.749756,3761.557129,3761.557129,9029175787,4/3/2019,0.042303,0.042477,0.03983,0.040602,0.040602,18487838
5/3/2019,3759.83252,3903.916748,3745.183105,3896.375,3896.375,10174126414,5/3/2019,0.040599,0.043353,0.040299,0.043212,0.043212,20952203
6/3/2019,3897.081055,3919.510498,3871.460693,3903.942627,3903.942627,9175291528,6/3/2019,0.043185,0.04347,0.042354,0.042843,0.042843,15221352
7/3/2019,3903.384766,3939.373291,3894.113037,3911.484375,3911.484375,9584165518,7/3/2019,0.04285,0.043581,0.042513,0.042944,0.042944,17201355
8/3/2019,3913.22583,3950.432129,3875.228516,3901.131592,3901.131592,10638638944,8/3/2019,0.042952,0.043794,0.042461,0.042664,0.042664,20315017
9/3/2019,3894.55249,3987.237793,3892.390381,3963.313721,3963.313721,10796103518,9/3/2019,0.042686,0.046951,0.042656,0.046728,0.046728,52185658
10/3/2019,3966.174316,3966.174316,3924.381104,3951.599854,3951.599854,9713267606,10/3/2019,0.046754,0.046754,0.044463,0.045698,0.045698,27465021
11/3/2019,3953.740234,3966.384766,3889.239014,3905.227295,3905.227295,10125901902,11/3/2019,0.045697,0.048525,0.044979,0.047633,0.047633,54732769
12/3/2019,3903.758301,3926.88916,3863.559082,3909.15625,3909.15625,9809887079,12/3/2019,0.047665,0.048216,0.045893,0.047397,0.047397,35348848
13/3/2019,3913.047363,3926.597656,3891.904297,3906.717285,3906.717285,9469184841,13/3/2019,0.047366,0.048584,0.046211,0.04659,0.04659,29855262
14/3/2019,3905.576904,3946.504395,3901.296875,3924.369141,3924.369141,10480789569,14/3/2019,0.046575,0.048252,0.046348,0.048055,0.048055,26216581
15/3/2019,3926.66333,3968.542969,3914.015381,3960.911133,3960.911133,9394210604,15/3/2019,0.047986,0.050829,0.047956,0.050077,0.050077,42730117
16/3/2019,3963.900146,4077.036377,3961.657471,4048.72583,4048.72583,9856166973,16/3/2019,0.050112,0.051876,0.04974,0.051621,0.051621,44616837
17/3/2019,4047.719482,4054.12207,4006.411133,4025.229004,4025.229004,8221625399,17/3/2019,0.0516,0.051762,0.050015,0.050207,0.050207,28870444
18/3/2019,4029.968506,4071.556641,4009.117188,4032.507324,4032.507324,9646954186,18/3/2019,0.050311,0.051134,0.049668,0.050452,0.050452,37198857
19/3/2019,4032.691895,4082.216064,4023.8125,4071.190186,4071.190186,9344919956,19/3/2019,0.050457,0.053691,0.049756,0.052594,0.052594,46089907
20/3/2019,4070.793945,4089.461914,4031.11084,4087.476318,4087.476318,10175916388,20/3/2019,0.052719,0.053923,0.051366,0.053891,0.053891,47370105
21/3/2019,4083.953857,4097.359863,4005.151367,4029.326904,4029.326904,10831212661,21/3/2019,0.053957,0.054958,0.050767,0.0529,0.0529,66543590
22/3/2019,4028.514648,4053.906738,4021.54248,4023.968262,4023.968262,9252935969,22/3/2019,0.052906,0.059172,0.052668,0.058062,0.058062,119817467
23/3/2019,4022.713379,4049.882568,4015.9646,4035.826416,4035.826416,9578850549,23/3/2019,0.057993,0.064727,0.057047,0.063781,0.063781,137854803
24/3/2019,4035.163574,4040.699707,4006.192871,4022.168213,4022.168213,9144851064,24/3/2019,0.063723,0.064347,0.059715,0.061704,0.061704,102441666
25/3/2019,4024.112793,4038.84082,3934.03125,3963.070557,3963.070557,10359818882,25/3/2019,0.06185,0.06185,0.057534,0.059025,0.059025,74748664
26/3/2019,3969.22876,3985.080811,3944.753174,3985.080811,3985.080811,10707678814,26/3/2019,0.059206,0.06237,0.059131,0.06237,0.06237,79200005
27/3/2019,3984.244873,4087.066162,3977.810547,4087.066162,4087.066162,10897131934,27/3/2019,0.062232,0.068331,0.061273,0.067595,0.067595,113386031
28/3/2019,4087.584473,4094.9021,4040.266357,4069.107178,4069.107178,9353915899,28/3/2019,0.067593,0.067593,0.065003,0.065828,0.065828,78259559
29/3/2019,4068.299805,4113.500977,4034.097168,4098.374512,4098.374512,10918665556,29/3/2019,0.065763,0.072777,0.065763,0.071289,0.071289,125904169
30/3/2019,4092.13623,4296.806641,4053.909668,4106.660156,4106.660156,9732688060,30/3/2019,0.071257,0.073712,0.068405,0.071739,0.071739,94907668
31/3/2019,4105.456055,4113.023438,4094.10083,4105.404297,4105.404297,9045122442,31/3/2019,0.071739,0.072125,0.069393,0.069746,0.069746,67772020
1/4/2019,4105.362305,4164.953125,4096.901367,4158.183105,4158.183105,10157794170,1/4/2019,0.069651,0.072756,0.069019,0.07233,0.07233,81836246
2/4/2019,4156.919434,4905.95459,4155.316895,4879.87793,4879.87793,21315047816,2/4/2019,0.07231,0.085467,0.070908,0.085467,0.085467,201276067
3/4/2019,4879.958008,5307.003418,4876.621094,4973.021973,4973.021973,22899891582,3/4/2019,0.085437,0.099958,0.08484,0.090723,0.090723,300935984
4/4/2019,4971.307617,5063.159668,4836.793945,4922.798828,4922.798828,18251810239,4/4/2019,0.090518,0.094088,0.083283,0.08737,0.08737,182769802
5/4/2019,4922.806152,5053.509766,4919.491699,5036.681152,5036.681152,16837325387,5/4/2019,0.087355,0.092228,0.087342,0.091226,0.091226,122685904
6/4/2019,5036.792969,5205.821777,4992.222168,5059.817383,5059.817383,16929795193,6/4/2019,0.091214,0.093681,0.087901,0.090289,0.090289,114652737
7/4/2019,5062.793945,5235.186523,5050.412109,5198.896973,5198.896973,16655416140,7/4/2019,0.090161,0.091286,0.088536,0.090484,0.090484,100804121
8/4/2019,5199.835449,5318.836426,5148.211914,5289.770996,5289.770996,17154113634,8/4/2019,0.090466,0.091622,0.083341,0.087009,0.087009,134978650
9/4/2019,5289.917969,5289.917969,5167.418945,5204.958496,5204.958496,14722104361,9/4/2019,0.086989,0.087018,0.081707,0.083749,0.083749,122878696
10/4/2019,5204.105469,5421.651367,5193.382324,5324.551758,5324.551758,15504590933,10/4/2019,0.083779,0.092479,0.083535,0.089964,0.089964,131422301
11/4/2019,5325.081543,5354.225586,5017.296387,5064.487793,5064.487793,16555616019,11/4/2019,0.089929,0.090716,0.077629,0.083385,0.083385,163656337
12/4/2019,5061.200684,5103.274414,4955.852539,5089.539063,5089.539063,13675206312,12/4/2019,0.083584,0.085376,0.080397,0.083463,0.083463,110371615
13/4/2019,5088.850098,5127.12207,5061.589355,5096.586426,5096.586426,10823289598,13/4/2019,0.083485,0.085507,0.082907,0.083731,0.083731,71755835
14/4/2019,5095.758789,5184.016113,5053.568359,5167.722168,5167.722168,10391952498,14/4/2019,0.083731,0.085479,0.081372,0.084643,0.084643,82514758
15/4/2019,5167.321777,5196.606934,5024.069336,5067.108398,5067.108398,12290155060,15/4/2019,0.084643,0.085634,0.08136,0.082307,0.082307,73555913
16/4/2019,5066.577637,5238.945313,5055.194824,5235.55957,5235.55957,11618660197,16/4/2019,0.082265,0.08386,0.080451,0.083783,0.083783,65962870
17/4/2019,5236.135254,5274.275391,5219.205566,5251.937988,5251.937988,12438480676,17/4/2019,0.083785,0.08456,0.082078,0.083074,0.083074,66210752
18/4/2019,5251.480469,5319.986328,5250.506836,5298.385742,5298.385742,13256489918,18/4/2019,0.083066,0.083883,0.081377,0.081775,0.081775,70016365
19/4/2019,5298.154297,5336.680176,5233.335449,5303.8125,5303.8125,13780238655,19/4/2019,0.081739,0.081782,0.07821,0.0795,0.0795,82646736
20/4/2019,5304.160645,5358.490723,5295.87793,5337.88623,5337.88623,13169647522,20/4/2019,0.079515,0.079515,0.075401,0.076506,0.076506,77410325
21/4/2019,5335.878906,5359.924805,5257.339355,5314.53125,5314.53125,13731844222,21/4/2019,0.076556,0.077978,0.071989,0.074106,0.074106,89301951
22/4/2019,5312.494629,5422.6875,5280.276855,5399.365234,5399.365234,14601631647,22/4/2019,0.074101,0.079376,0.072221,0.07804,0.07804,90476347
23/4/2019,5399.365723,5633.802246,5389.408691,5572.361816,5572.361816,15867308107,23/4/2019,0.078067,0.080333,0.074321,0.074524,0.074524,100698845
24/4/2019,5571.508301,5642.044434,5418.263184,5464.866699,5464.866699,17048033399,24/4/2019,0.074524,0.07584,0.068737,0.072645,0.072645,90318024
25/4/2019,5466.524414,5542.238281,5181.338867,5210.515625,5210.515625,15330283408,25/4/2019,0.072643,0.07603,0.068668,0.069244,0.069244,96537993
26/4/2019,5210.304688,5383.634277,5177.368652,5279.348145,5279.348145,16812108039,26/4/2019,0.069347,0.070828,0.066881,0.069219,0.069219,83227767
27/4/2019,5279.471191,5310.75,5233.635742,5268.291016,5268.291016,13111274675,27/4/2019,0.069211,0.071602,0.068274,0.070196,0.070196,50161507
28/4/2019,5271.746582,5326.231934,5255.683594,5285.13916,5285.13916,12819992055,28/4/2019,0.070189,0.070646,0.06802,0.068591,0.068591,42979831
29/4/2019,5284.858398,5311.274902,5216.487793,5247.352539,5247.352539,13735490672,29/4/2019,0.06862,0.06897,0.064204,0.064631,0.064631,69287156
30/4/2019,5247.726074,5363.257324,5224.189941,5350.726563,5350.726563,13878964573,30/4/2019,0.064661,0.070346,0.064661,0.070346,0.070346,62990602
1/5/2019,5350.914551,5418.003906,5347.645996,5402.697266,5402.697266,13679528236,1/5/2019,0.070338,0.07077,0.067533,0.069014,0.069014,58865338
2/5/2019,5402.422852,5522.262695,5394.217285,5505.283691,5505.283691,14644460907,2/5/2019,0.06902,0.06971,0.068278,0.068579,0.068579,55122570
3/5/2019,5505.552246,5865.881836,5490.20166,5768.289551,5768.289551,18720780005,3/5/2019,0.068575,0.071937,0.067652,0.069858,0.069858,77726743
4/5/2019,5769.202637,5886.893555,5645.469238,5831.16748,5831.16748,17567780765,4/5/2019,0.069858,0.071954,0.065832,0.06688,0.06688,75467766
5/5/2019,5831.068359,5833.862793,5708.035156,5795.708496,5795.708496,14808830722,5/5/2019,0.066907,0.067966,0.065709,0.066146,0.066146,49098472
6/5/2019,5791.693359,5802.95752,5653.6875,5746.807129,5746.807129,15737171804,6/5/2019,0.066164,0.068471,0.063682,0.06678,0.06678,60289464
7/5/2019,5745.599121,5988.178223,5741.395996,5829.501465,5829.501465,18026409032,7/5/2019,0.066759,0.068643,0.064036,0.064036,0.064036,53650713
8/5/2019,5849.481445,5989.980957,5794.71582,5982.45752,5982.45752,15320605299,8/5/2019,0.064017,0.06499,0.062168,0.064606,0.064606,40605280
9/5/2019,5982.316406,6183.039063,5982.316406,6174.528809,6174.528809,16784645410,9/5/2019,0.064606,0.065069,0.060437,0.061691,0.061691,60306852
10/5/2019,6175.822754,6434.617676,6161.519043,6378.849121,6378.849121,19419875367,10/5/2019,0.061695,0.064837,0.059106,0.063428,0.063428,87926145
11/5/2019,6379.666992,7333.00293,6375.69873,7204.771484,7204.771484,28867562329,11/5/2019,0.063355,0.078432,0.06301,0.075171,0.075171,187252193
12/5/2019,7203.507324,7503.87207,6815.770996,6972.371582,6972.371582,27773333679,12/5/2019,0.075145,0.076754,0.068444,0.070086,0.070086,141023789
13/5/2019,6971.178223,8047.413086,6898.282227,7814.915039,7814.915039,28677672181,13/5/2019,0.070086,0.076612,0.06953,0.073072,0.073072,124764722
14/5/2019,7807.884277,8268.712891,7696.391113,7994.416016,7994.416016,32031452226,14/5/2019,0.073016,0.084571,0.072869,0.084505,0.084505,192076841
15/5/2019,7989.374512,8216.423828,7899.106934,8205.167969,8205.167969,28344112919,15/5/2019,0.084562,0.094902,0.083558,0.093951,0.093951,207490352
16/5/2019,8194.500977,8320.824219,7729.608398,7884.90918,7884.90918,33167197581,16/5/2019,0.093996,0.100402,0.084326,0.088161,0.088161,270983571
17/5/2019,7886.925781,7929.145508,7038.124512,7343.895508,7343.895508,30066644905,17/5/2019,0.088207,0.090825,0.076633,0.08326,0.08326,208531469
18/5/2019,7341.664551,7447.271973,7251.504395,7271.208008,7271.208008,21354286561,18/5/2019,0.08326,0.084879,0.078879,0.079104,0.079104,116482954
19/5/2019,7267.962891,8261.941406,7267.962891,8197.689453,8197.689453,25902422039,19/5/2019,0.079063,0.088229,0.078626,0.086996,0.086996,145752504
20/5/2019,8196.923828,8200.967773,7678.781738,7978.309082,7978.309082,23843404339,20/5/2019,0.086962,0.086993,0.080144,0.084848,0.084848,133738559
21/5/2019,7977.969238,8062.167969,7843.339844,7963.327637,7963.327637,25127245056,21/5/2019,0.084844,0.086443,0.082453,0.084617,0.084617,97465476
22/5/2019,7956.291992,7997.612305,7615.987305,7680.066406,7680.066406,24719473174,22/5/2019,0.084603,0.08546,0.07768,0.077955,0.077955,130856368
23/5/2019,7677.269043,7943.791504,7533.196777,7881.84668,7881.84668,24457107820,23/5/2019,0.077914,0.080695,0.074189,0.08069,0.08069,101768393
24/5/2019,7881.695313,8140.719727,7824.44873,7987.371582,7987.371582,25919126990,24/5/2019,0.080725,0.083375,0.078447,0.080869,0.080869,106320607
25/5/2019,7991.885254,8117.925781,7965.976074,8052.543945,8052.543945,22256813106,25/5/2019,0.080869,0.082559,0.079759,0.080502,0.080502,62522128
26/5/2019,8055.206055,8687.520508,7924.67041,8673.21582,8673.21582,26677970091,26/5/2019,0.080502,0.086936,0.078697,0.086014,0.086014,111190328
27/5/2019,8674.072266,8907.174805,8668.705078,8805.77832,8805.77832,27949839563,27/5/2019,0.086038,0.093476,0.085363,0.091695,0.091695,171736300
28/5/2019,8802.757813,8807.016602,8634.72168,8719.961914,8719.961914,24226919266,28/5/2019,0.091549,0.093248,0.087621,0.092815,0.092815,180587854
29/5/2019,8718.591797,8755.852539,8482.728516,8659.487305,8659.487305,23473479966,29/5/2019,0.092874,0.093769,0.086168,0.090867,0.090867,154832177
30/5/2019,8661.760742,9008.314453,8221.273438,8319.472656,8319.472656,29246528551,30/5/2019,0.090832,0.096768,0.081744,0.08451,0.08451,232348614
31/5/2019,8320.286133,8586.65918,8172.550781,8574.501953,8574.501953,25365190957,31/5/2019,0.08451,0.089937,0.081873,0.089441,0.089441,136542078
1/6/2019,8573.839844,8625.600586,8481.578125,8564.016602,8564.016602,22488303543,1/6/2019,0.089462,0.092815,0.086398,0.090533,0.090533,151835927
2/6/2019,8565.473633,8809.303711,8561.235352,8742.958008,8742.958008,20266216022,2/6/2019,0.090695,0.097519,0.090614,0.096578,0.096578,187162218
3/6/2019,8741.74707,8743.5,8204.185547,8208.995117,8208.995117,22004511436,3/6/2019,0.096586,0.098342,0.088472,0.088708,0.088708,227861801
4/6/2019,8210.985352,8210.985352,7564.48877,7707.770996,7707.770996,24609731548,4/6/2019,0.088447,0.088447,0.079821,0.082486,0.082486,184181601
5/6/2019,7704.343262,7901.849121,7668.668457,7824.231445,7824.231445,21760923463,5/6/2019,0.082719,0.085117,0.080473,0.083438,0.083438,118371207
6/6/2019,7819.633301,7937.34082,7571.471191,7822.023438,7822.023438,19474611077,6/6/2019,0.083391,0.083979,0.078934,0.083472,0.083472,154264120
7/6/2019,7826.901367,8126.15332,7788.373535,8043.951172,8043.951172,19141423230,7/6/2019,0.083406,0.087672,0.082764,0.085807,0.085807,139056742
8/6/2019,8036.774902,8076.891113,7837.61084,7954.12793,7954.12793,16522722809,8/6/2019,0.085856,0.086594,0.082322,0.084213,0.084213,126559141
9/6/2019,7949.674805,7975.974121,7583.219727,7688.077148,7688.077148,16610726547,9/6/2019,0.084205,0.084278,0.077631,0.07947,0.07947,122067718
10/6/2019,7692.284668,8031.909668,7586.730957,8000.32959,8000.32959,18689275117,10/6/2019,0.07943,0.085685,0.07835,0.085537,0.085537,139307413
11/6/2019,8004.243652,8026.394043,7772.803711,7927.714355,7927.714355,17107279931,11/6/2019,0.085595,0.089169,0.082589,0.087965,0.087965,152723260
12/6/2019,7925.434082,8196.648438,7862.359863,8145.857422,8145.857422,19034432883,12/6/2019,0.087998,0.096554,0.086493,0.096525,0.096525,247353617
13/6/2019,8145.54541,8311.567383,8087.061035,8230.923828,8230.923828,18669407147,13/6/2019,0.096331,0.096988,0.088704,0.089739,0.089739,228176588
14/6/2019,8230.898438,8710.636719,8183.393066,8693.833008,8693.833008,19831162905,14/6/2019,0.089776,0.091249,0.085711,0.090619,0.090619,205015950
15/6/2019,8689.746094,8859.12793,8618.395508,8838.375,8838.375,18371033226,15/6/2019,0.090657,0.092738,0.090485,0.091683,0.091683,159441139
16/6/2019,8841.44043,9335.867188,8814.556641,8994.488281,8994.488281,23348550310,16/6/2019,0.091695,0.094279,0.090633,0.092321,0.092321,197578316
17/6/2019,8988.923828,9416.407227,8988.923828,9320.352539,9320.352539,15562951918,17/6/2019,0.092291,0.093908,0.091552,0.093557,0.093557,158000946
18/6/2019,9335.466797,9348.374023,9004.901367,9081.762695,9081.762695,15848210535,18/6/2019,0.093596,0.093698,0.088721,0.089148,0.089148,146225452
19/6/2019,9078.727539,9299.621094,9070.395508,9273.521484,9273.521484,15546809946,19/6/2019,0.089155,0.091582,0.088951,0.089979,0.089979,114753636
20/6/2019,9273.060547,9594.419922,9232.484375,9527.160156,9527.160156,17846823783,20/6/2019,0.089979,0.090263,0.085559,0.087385,0.087385,159470236
21/6/2019,9525.074219,10144.55664,9525.074219,10144.55664,10144.55664,20624008643,21/6/2019,0.087403,0.091294,0.087403,0.089562,0.089562,124230175
22/6/2019,10175.92383,11157.3457,10107.03516,10701.69141,10701.69141,29995204860,22/6/2019,0.089629,0.097834,0.089253,0.094367,0.094367,243264334
23/6/2019,10696.69141,11246.14453,10556.0957,10855.37109,10855.37109,20998326501,23/6/2019,0.094403,0.102144,0.094123,0.096644,0.096644,245604694
24/6/2019,10853.74414,11065.89648,10610.42773,11011.10254,11011.10254,19271652364,24/6/2019,0.096644,0.09907,0.094098,0.097719,0.097719,135761450
25/6/2019,11007.20215,11790.91699,11007.20215,11790.91699,11790.91699,24879684533,25/6/2019,0.097813,0.098242,0.093671,0.096357,0.096357,193143079
26/6/2019,11778.58106,13796.48926,11755.59766,13016.23145,13016.23145,45105733173,26/6/2019,0.096357,0.10691,0.096212,0.09682,0.09682,340512938
27/6/2019,13017.125,13311.14453,10491.85254,11182.80664,11182.80664,39977475222,27/6/2019,0.097757,0.099549,0.082644,0.086449,0.086449,253512191
28/6/2019,11162.16797,12445.17481,10914.49512,12407.33203,12407.33203,35087757765,28/6/2019,0.086482,0.089691,0.08486,0.089295,0.089295,195954056
29/6/2019,12400.76367,12400.91016,11508.37891,11959.37109,11959.37109,29923961127,29/6/2019,0.089297,0.091089,0.084734,0.090422,0.090422,169271858
30/6/2019,11931.99121,12178.38379,10799.00879,10817.15527,10817.15527,27256473494,30/6/2019,0.090486,0.091168,0.082098,0.082098,0.082098,161855807
1/7/2019,10796.93066,11206.43945,10089.31445,10583.13477,10583.13477,29378589324,1/7/2019,0.082098,0.085895,0.080504,0.083822,0.083822,168654990
2/7/2019,10588.68359,10912.18848,9737.884766,10801.67773,10801.67773,31015895222,2/7/2019,0.0838,0.084598,0.076777,0.081077,0.081077,180980795
3/7/2019,10818.15625,11968.07813,10818.15625,11961.26953,11961.26953,30796494293,3/7/2019,0.081033,0.083792,0.080197,0.082998,0.082998,154492406
4/7/2019,11972.71875,12006.0752,11166.56934,11215.4375,11215.4375,25920294033,4/7/2019,0.083007,0.083007,0.077588,0.077774,0.077774,142713204
5/7/2019,11203.10254,11395.66113,10874.96484,10978.45996,10978.45996,23838480210,5/7/2019,0.077805,0.078091,0.076027,0.076532,0.076532,116391599
6/7/2019,10982.54395,11620.96484,10982.54395,11208.55078,11208.55078,21092024306,6/7/2019,0.076518,0.08029,0.076289,0.077335,0.077335,128961683
7/7/2019,11217.61621,11541.62012,11148.80469,11450.84668,11450.84668,19369044276,7/7/2019,0.077346,0.080261,0.076982,0.079964,0.079964,104984613
8/7/2019,11446.59668,12345.83301,11393.37402,12285.95801,12285.95801,23482551458,8/7/2019,0.079932,0.082259,0.079004,0.080476,0.080476,114339528
9/7/2019,12284.32617,12779.13184,12233.26172,12573.8125,12573.8125,28167921522,9/7/2019,0.080452,0.080821,0.077354,0.077993,0.077993,122935384
10/7/2019,12571.53711,13129.5293,11710.97852,12156.5127,12156.5127,33627574244,10/7/2019,0.078012,0.078322,0.069825,0.07194,0.07194,119999742
11/7/2019,12139.71387,12144.62305,11158.92285,11358.66211,11358.66211,28595327690,11/7/2019,0.071934,0.072011,0.063015,0.065199,0.065199,118873479
12/7/2019,11354.29981,11905.48731,11179.14453,11815.98633,11815.98633,23534692796,12/7/2019,0.065181,0.070841,0.063617,0.069754,0.069754,118155306
13/7/2019,11813.12695,11841.95703,10908.47949,11392.37891,11392.37891,21042616383,13/7/2019,0.069805,0.070919,0.064567,0.06677,0.06677,101320396
14/7/2019,11381.02051,11451.2041,10234.57617,10256.05859,10256.05859,22486000001,14/7/2019,0.066795,0.067184,0.059371,0.059429,0.059429,101190601
15/7/2019,10257.83887,11052.7666,9992.006836,10895.08984,10895.08984,25384047206,15/7/2019,0.059413,0.0603,0.055501,0.059537,0.059537,123473435
16/7/2019,10896.65332,10996.63281,9448.106445,9477.641602,9477.641602,24151199069,16/7/2019,0.059516,0.060983,0.050817,0.052052,0.052052,103254765
17/7/2019,9471.213867,9963.134766,9163.134766,9693.802734,9693.802734,24569921548,17/7/2019,0.051953,0.057911,0.050071,0.055239,0.055239,97931569
18/7/2019,9698.50293,10736.84277,9376.798828,10666.48242,10666.48242,25187024648,18/7/2019,0.055235,0.059512,0.053556,0.058772,0.058772,88644359
19/7/2019,10653.95606,10716.98047,10229.62891,10530.73242,10530.73242,20727426309,19/7/2019,0.058772,0.060806,0.056659,0.059787,0.059787,63433080
20/7/2019,10525.81934,11048.66211,10451.27637,10767.13965,10767.13965,20206615154,20/7/2019,0.059808,0.065132,0.059633,0.062958,0.062958,71844245
21/7/2019,10777.5293,10841.8877,10389.59961,10599.10547,10599.10547,17130580467,21/7/2019,0.062944,0.064214,0.059642,0.061203,0.061203,53461725
22/7/2019,10596.94824,10651.79102,10154.92188,10343.10645,10343.10645,16334414913,22/7/2019,0.061208,0.062067,0.058259,0.059466,0.059466,53620676
23/7/2019,10346.74805,10346.74805,9883.594727,9900.767578,9900.767578,17851916994,23/7/2019,0.059463,0.059556,0.055402,0.055812,0.055812,59728000
24/7/2019,9887.730469,9908.796875,9614.306641,9811.925781,9811.925781,17398734321,24/7/2019,0.055812,0.059116,0.054027,0.059046,0.059046,60954091
25/7/2019,9809.09668,10154.25391,9773.957031,9911.841797,9911.841797,15821952090,25/7/2019,0.059073,0.060573,0.058392,0.058664,0.058664,46420719
26/7/2019,9913.126953,9916.517578,9717.982422,9870.303711,9870.303711,14495714483,26/7/2019,0.058678,0.062913,0.057062,0.062884,0.062884,57109967
27/7/2019,9871.165039,10167.32031,9411.521484,9477.677734,9477.677734,16817809536,27/7/2019,0.062884,0.063677,0.057497,0.059871,0.059871,55521873
28/7/2019,9491.626953,9575.544922,9252.296875,9552.860352,9552.860352,13738687092,28/7/2019,0.059875,0.06,0.057163,0.059474,0.059474,30475480
29/7/2019,9548.178711,9681.648438,9472.948242,9519.145508,9519.145508,13791445323,29/7/2019,0.059379,0.061975,0.05841,0.060393,0.060393,42220706
30/7/2019,9522.329102,9701.759766,9437.335938,9607.423828,9607.423828,13829811132,30/7/2019,0.060414,0.06118,0.058826,0.059944,0.059944,32759716
31/7/2019,9604.050781,10085.62793,9598.097656,10085.62793,10085.62793,16631520647,31/7/2019,0.059942,0.060914,0.059405,0.060152,0.060152,47344104
1/8/2019,10077.44238,10446.91992,9922.019531,10399.66895,10399.66895,17165337857,1/8/2019,0.06016,0.060288,0.057984,0.058872,0.058872,44730276
2/8/2019,10402.04297,10657.95313,10371.01367,10518.17481,10518.17481,17489094081,2/8/2019,0.058864,0.058936,0.056647,0.057412,0.057412,50056238
3/8/2019,10519.27832,10946.78125,10503.50488,10821.72656,10821.72656,15352685060,3/8/2019,0.057417,0.058365,0.056921,0.057763,0.057763,37149597
4/8/2019,10821.63281,11009.20703,10620.27832,10970.18457,10970.18457,16530894786,4/8/2019,0.05777,0.058185,0.056193,0.056271,0.056271,45039556
5/8/2019,10960.73535,11895.0918,10960.73535,11805.65332,11805.65332,23875988832,5/8/2019,0.05627,0.058363,0.056128,0.05668,0.05668,54461468
6/8/2019,11811.54492,12273.82129,11290.73145,11478.16895,11478.16895,23635107659,6/8/2019,0.056652,0.056678,0.053005,0.053369,0.053369,48272768
7/8/2019,11476.19336,12036.99023,11433.70117,11941.96875,11941.96875,22194988641,7/8/2019,0.053374,0.054075,0.051444,0.051906,0.051906,46290310
8/8/2019,11954.04004,11979.41992,11556.16797,11966.40723,11966.40723,19481591729,8/8/2019,0.051906,0.052933,0.050434,0.05197,0.05197,47971636
9/8/2019,11953.46973,11970.45801,11709.74512,11862.93652,11862.93652,18339989959,9/8/2019,0.05191,0.052058,0.047473,0.047641,0.047641,43195564
10/8/2019,11861.55664,11915.65527,11323.89844,11354.02441,11354.02441,18125355447,10/8/2019,0.047641,0.053137,0.047608,0.051981,0.051981,64446721
11/8/2019,11349.74023,11523.5791,11248.29492,11523.5791,11523.5791,15774371517,11/8/2019,0.051992,0.055928,0.051947,0.054981,0.054981,58526307
12/8/2019,11528.18945,11528.18945,11320.95117,11382.61621,11382.61621,13647198229,12/8/2019,0.054796,0.054796,0.052649,0.052938,0.052938,35518598
13/8/2019,11385.05273,11420.04981,10830.32715,10895.83008,10895.83008,16681503536,13/8/2019,0.052932,0.053012,0.050009,0.052561,0.052561,48509716
14/8/2019,10889.48731,10889.55664,10028.13574,10051.7041,10051.7041,19990838299,14/8/2019,0.052554,0.053496,0.046968,0.047,0.047,65540879
15/8/2019,10038.42188,10437.41113,9675.316406,10311.5459,10311.5459,22899115082,15/8/2019,0.04709,0.048017,0.045497,0.047519,0.047519,43373582
16/8/2019,10319.41992,10524.34961,9855.478516,10374.33887,10374.33887,20228207096,16/8/2019,0.047536,0.047536,0.04486,0.046841,0.046841,44228391
17/8/2019,10358.72266,10452.625,10086.69824,10231.74414,10231.74414,13778035685,17/8/2019,0.046869,0.048045,0.046338,0.047393,0.047393,34826995
18/8/2019,10233.00586,10487.07031,10119.09473,10345.81055,10345.81055,12999813869,18/8/2019,0.047424,0.051209,0.047047,0.050731,0.050731,38253394
19/8/2019,10350.2832,10916.05371,10313.2041,10916.05371,10916.05371,16038264603,19/8/2019,0.050725,0.050813,0.049686,0.050298,0.050298,32307052
20/8/2019,10916.34668,10947.04199,10618.96094,10763.23242,10763.23242,15053082175,20/8/2019,0.050251,0.050331,0.048842,0.049195,0.049195,32132614
21/8/2019,10764.57227,10798.72949,9962.72168,10138.04981,10138.04981,19473084767,21/8/2019,0.049226,0.049226,0.046046,0.047113,0.047113,43633315
22/8/2019,10142.52148,10232.99609,9831.462891,10131.05566,10131.05566,17097508856,22/8/2019,0.047153,0.051161,0.046739,0.04941,0.04941,60163312
23/8/2019,10136.30957,10442.44336,10078.19238,10407.96484,10407.96484,15627023886,23/8/2019,0.04941,0.050267,0.048903,0.04979,0.04979,54095276
24/8/2019,10407.64453,10418.02051,9982.296875,10159.96094,10159.96094,15451030650,24/8/2019,0.049802,0.051191,0.048315,0.050177,0.050177,87164790
25/8/2019,10160.73731,10304.62207,10008.78906,10138.51758,10138.51758,14153856609,25/8/2019,0.05017,0.052605,0.048712,0.049439,0.049439,104616408
26/8/2019,10126.29981,10512.32813,10126.29981,10370.82031,10370.82031,18438654079,26/8/2019,0.049454,0.050944,0.048893,0.049697,0.049697,86216611
27/8/2019,10372.82617,10381.32813,10087.30078,10185.5,10185.5,14762609502,27/8/2019,0.049706,0.04995,0.04818,0.049839,0.049839,38041608
28/8/2019,10203.42676,10279.36621,9716.65625,9754.422852,9754.422852,17603790323,28/8/2019,0.049863,0.050333,0.045702,0.045825,0.045825,65386760
29/8/2019,9756.786133,9756.786133,9421.629883,9510.200195,9510.200195,17045878500,29/8/2019,0.045835,0.045835,0.043396,0.044697,0.044697,53919498
30/8/2019,9514.844727,9656.124023,9428.302734,9598.173828,9598.173828,13595263986,30/8/2019,0.044716,0.045856,0.044254,0.044825,0.044825,51959377
31/8/2019,9597.539063,9673.220703,9531.799805,9630.664063,9630.664063,11454806419,31/8/2019,0.044824,0.045585,0.044082,0.04499,0.04499,44165774
1/9/2019,9630.592773,9796.755859,9582.944336,9757.970703,9757.970703,11445355859,1/9/2019,0.044952,0.045357,0.043729,0.044543,0.044543,31928554
2/9/2019,9757.473633,10396.5918,9730.650391,10346.76074,10346.76074,17248102293,2/9/2019,0.044555,0.046113,0.043422,0.045362,0.045362,42959888
3/9/2019,10345.72559,10736.10449,10308.54785,10623.54004,10623.54004,19384917988,3/9/2019,0.045376,0.047399,0.044786,0.046771,0.046771,63769389
4/9/2019,10621.18066,10762.64453,10434.70996,10594.49316,10594.49316,16742664768,4/9/2019,0.046784,0.046789,0.045217,0.045517,0.045517,40737362
5/9/2019,10588.18359,10627.26953,10516.41797,10575.5332,10575.5332,14551239507,5/9/2019,0.045504,0.045543,0.043959,0.044437,0.044437,47778879
6/9/2019,10578.19824,10898.76172,10292.29981,10353.30273,10353.30273,19536574782,6/9/2019,0.044437,0.044763,0.043793,0.044415,0.044415,44478144
7/9/2019,10353.93164,10558.67383,10348.91895,10517.25488,10517.25488,15307366476,7/9/2019,0.044426,0.046585,0.043849,0.046198,0.046198,40837132
8/9/2019,10518.11426,10595.6377,10409.09082,10441.27637,10441.27637,13670567492,8/9/2019,0.046211,0.047653,0.046211,0.046719,0.046719,46948887
9/9/2019,10443.22852,10450.31152,10144.92969,10334.97461,10334.97461,17595943367,9/9/2019,0.046706,0.047211,0.045501,0.046931,0.046931,64445050
10/9/2019,10336.4082,10394.35352,10020.57324,10115.97559,10115.97559,14906809639,10/9/2019,0.046903,0.04814,0.045915,0.04651,0.04651,48839823
11/9/2019,10123.03516,10215.94824,9980.776367,10178.37207,10178.37207,15428063426,11/9/2019,0.046496,0.046639,0.044586,0.04499,0.04499,51727434
12/9/2019,10176.81934,10442.25391,10099.24219,10410.12695,10410.12695,15323563925,12/9/2019,0.044993,0.046414,0.044423,0.045452,0.045452,43222873
13/9/2019,10415.36231,10441.48926,10226.59668,10360.54688,10360.54688,14109864674,13/9/2019,0.045462,0.045795,0.044963,0.045753,0.045753,38257028
14/9/2019,10345.40332,10422.13379,10291.69434,10358.04883,10358.04883,13468713124,14/9/2019,0.045758,0.047088,0.044961,0.046524,0.046524,51690256
15/9/2019,10356.46582,10387.03516,10313.09277,10347.71289,10347.71289,12043433567,15/9/2019,0.046507,0.047114,0.046231,0.046799,0.046799,41237028
16/9/2019,10347.22266,10386.86719,10189.74414,10276.79395,10276.79395,15160167778,16/9/2019,0.046815,0.047662,0.046099,0.047071,0.047071,45484816
17/9/2019,10281.51367,10296.77148,10199.73926,10241.27246,10241.27246,15304603363,17/9/2019,0.04711,0.050429,0.047106,0.049008,0.049008,85720809
18/9/2019,10247.7959,10275.92871,10191.46973,10198.24805,10198.24805,16169268880,18/9/2019,0.048949,0.054921,0.048866,0.053292,0.053292,138254972
19/9/2019,10200.49609,10295.66895,9851.692383,10266.41504,10266.41504,19937691247,19/9/2019,0.053296,0.054614,0.049907,0.052504,0.052504,129365460
20/9/2019,10266.31836,10285.87207,10132.18652,10181.6416,10181.6416,14734189639,20/9/2019,0.052491,0.052557,0.05052,0.05234,0.05234,96532515
21/9/2019,10183.64844,10188.09766,10000.70801,10019.7168,10019.7168,13425266806,21/9/2019,0.052335,0.053348,0.051348,0.051922,0.051922,81964425
22/9/2019,10024.11523,10074.44434,9922.533203,10070.39258,10070.39258,13199651698,22/9/2019,0.051894,0.051954,0.047857,0.049111,0.049111,86152016
23/9/2019,10067.96289,10074.23828,9727.143555,9729.324219,9729.324219,15144925408,23/9/2019,0.049045,0.049555,0.046264,0.046264,0.046264,70372238
24/9/2019,9729.321289,9804.317383,8370.801758,8620.566406,8620.566406,25002886688,24/9/2019,0.046259,0.046666,0.036023,0.037573,0.037573,118474845
25/9/2019,8603.428711,8744.828125,8325.396484,8486.993164,8486.993164,21744728352,25/9/2019,0.03761,0.040334,0.036352,0.039396,0.039396,126192409
26/9/2019,8487.669922,8515.685547,7895.629395,8118.967773,8118.967773,19258205289,26/9/2019,0.039412,0.040287,0.035643,0.038229,0.038229,98838746
27/9/2019,8113.101074,8271.520508,7965.922852,8251.845703,8251.845703,16408941155,27/9/2019,0.03823,0.039924,0.037209,0.039532,0.039532,80670014
28/9/2019,8251.273438,8285.617188,8125.431641,8245.915039,8245.915039,14141152736,28/9/2019,0.03951,0.039766,0.038445,0.038827,0.038827,39805245
29/9/2019,8246.037109,8261.707031,7990.49707,8104.185547,8104.185547,13034629108,29/9/2019,0.038828,0.038917,0.036642,0.037486,0.037486,43311030
30/9/2019,8104.226563,8314.231445,7830.758789,8293.868164,8293.868164,17115474183,30/9/2019,0.037474,0.039287,0.036422,0.038885,0.038885,57274489
1/10/2019,8299.720703,8497.692383,8232.679688,8343.276367,8343.276367,15305343412,1/10/2019,0.038886,0.039958,0.038396,0.038507,0.038507,38320345
2/10/2019,8344.212891,8393.041992,8227.695313,8393.041992,8393.041992,13125712442,2/10/2019,0.038507,0.039516,0.037868,0.039445,0.039445,36838965
3/10/2019,8390.774414,8414.227539,8146.437012,8259.992188,8259.992188,13668823409,3/10/2019,0.0394,0.039728,0.037876,0.038361,0.038361,37098921
4/10/2019,8259.494141,8260.055664,8151.236816,8205.939453,8205.939453,13139456229,4/10/2019,0.038362,0.040385,0.037912,0.039667,0.039667,48050293
5/10/2019,8210.149414,8215.526367,8071.120605,8151.500488,8151.500488,12200497197,5/10/2019,0.039655,0.039993,0.038844,0.03973,0.03973,37111642
6/10/2019,8149.876953,8161.410156,7958.850586,7988.155762,7988.155762,13160830305,6/10/2019,0.039713,0.040323,0.038851,0.039324,0.039324,38119872
7/10/2019,7989.120605,8308.450195,7905.766113,8245.623047,8245.623047,18009742607,7/10/2019,0.039305,0.041898,0.03863,0.041672,0.041672,69132008
8/10/2019,8246.849609,8332.714844,8185.763184,8228.783203,8228.783203,15592264032,8/10/2019,0.041676,0.04218,0.040505,0.041441,0.041441,56654019
9/10/2019,8229.84082,8627.706055,8169.298828,8595.740234,8595.740234,19384942333,9/10/2019,0.041442,0.043313,0.040972,0.042629,0.042629,61997644
10/10/2019,8585.280273,8625.272461,8471.933594,8586.473633,8586.473633,17618660671,10/10/2019,0.042629,0.042641,0.040856,0.041661,0.041661,51703356
11/10/2019,8585.262695,8721.780273,8316.181641,8321.756836,8321.756836,19604381101,11/10/2019,0.041701,0.042165,0.040562,0.040623,0.040623,46907954
12/10/2019,8315.665039,8415.242188,8313.34082,8336.555664,8336.555664,14532641604,12/10/2019,0.04054,0.041236,0.040482,0.040542,0.040542,34809571
13/10/2019,8336.902344,8470.988281,8276.612305,8321.005859,8321.005859,13808286058,13/10/2019,0.04054,0.041801,0.040512,0.041325,0.041325,34184264
14/10/2019,8320.832031,8390.208984,8284.130859,8374.686523,8374.686523,15151387859,14/10/2019,0.041325,0.042162,0.04111,0.041789,0.041789,41060020
15/10/2019,8373.458008,8410.714844,8182.706543,8205.369141,8205.369141,15220412631,15/10/2019,0.041796,0.041948,0.039367,0.039766,0.039766,47200973
16/10/2019,8204.674805,8216.8125,7985.089844,8047.526855,8047.526855,16071646995,16/10/2019,0.03976,0.039952,0.037804,0.038741,0.038741,44617563
17/10/2019,8047.8125,8134.831543,8000.942871,8103.911133,8103.911133,14313052244,17/10/2019,0.038726,0.039533,0.038169,0.039524,0.039524,36229682
18/10/2019,8100.933594,8138.413574,7902.164063,7973.20752,7973.20752,15651592610,18/10/2019,0.039527,0.039594,0.037591,0.038073,0.038073,39606481
19/10/2019,7973.803711,8082.629395,7944.776855,7988.560547,7988.560547,13797825640,19/10/2019,0.038079,0.039672,0.037832,0.039225,0.039225,40431590
20/10/2019,7997.807129,8281.818359,7949.439453,8222.078125,8222.078125,15504249442,20/10/2019,0.039217,0.039619,0.038443,0.039529,0.039529,33137956
21/10/2019,8225.115234,8296.694336,8196.416016,8243.720703,8243.720703,15868748865,21/10/2019,0.039543,0.039559,0.038694,0.03928,0.03928,36963295
22/10/2019,8243.402344,8296.651367,8074.462891,8078.203125,8078.203125,16803377856,23/10/2019,0.038815,0.038815,0.038657,0.038657,0.038657,39229288
23/10/2019,8076.228516,8092.999512,7469.322754,7514.671875,7514.671875,21942878957,,,,,,,
24/10/2019,7509.728027,7532.867676,7446.98877,7493.48877,7493.48877,16268708848,,,,,,,
25/10/2019,7491.186035,7590.730957,7482.688477,7590.730957,7590.730957,16370369536,,,,,,,